id,prediction,truth
1,0.00021318950189536565,false
2,0.00024504098642393426,false
3,1.207416575481347e-6,false
4,0.998447122218823,true
5,0.9412900886466713,true
6,0.0001476981876096085,false
7,0.0010551913273348027,false
8,2.1786695445025953e-5,false
9,7.767569788546786e-5,false
10,0.9932529846133235,true
11,0.00028501368588319326,false
12,2.036455216524916e-5,false
13,0.006958886113730663,false
14,0.9986879701831255,true
15,0.9909981531262678,true
16,6.415170897425925e-8,false
17,0.14584889188489178,false
18,0.015118053546497466,false
19,0.9921117313029993,true
20,0.9904680637451243,true
21,0.5159376017346062,false
22,0.00809468659458591,false
23,0.9997884494675946,true
24,8.290523095065736e-6,false
25,0.0004160372697387646,false
26,0.54691784143903,false
27,0.042488708646854625,false
28,0.9999791815894107,true
29,0.996616200441986,true
30,0.0012803851121603236,false
31,0.9998053509453613,true
32,0.9984085791963573,true
33,0.9992363206677699,true
34,1.893009044137466e-6,false
35,0.437184747546019,true
36,0.9990172223407557,true
37,0.9979538200976764,true
38,0.7979736353760809,true
39,0.9999601874130433,true
40,0.9999982758327137,true
41,0.00010431255938190102,false
42,0.0016471314501380016,false
43,0.0020452891647956234,false
44,0.9997016098741238,true
45,0.8958174994489062,true
46,0.5743170532491494,true
47,4.920414074228835e-6,false
48,0.6283801919947078,true
49,1.2543229915281161e-5,false
50,0.00236125025598859,false
51,0.00015404124317377446,false
52,0.0006012786800502836,false
53,3.2274784747545364e-5,false
54,0.6642258542969743,true
55,1.5292632954552285e-5,false
56,0.9355432975238587,true
57,0.037799332750295477,false
58,0.9965044083276244,true
59,0.9994982483062911,true
60,5.3674824752523534e-5,false
61,0.9968193391460566,true
62,0.9999219682392647,true
63,2.9117753720958845e-5,false
64,0.5578059538888789,true
65,1.0609807081640942e-9,false
66,0.13529797791293277,false
67,0.0001418465741265229,false
68,4.2757634141664494e-8,false
69,0.9999999989756392,true
70,0.867997737178656,true
71,0.591374621612351,true
72,1.0917387881565864e-7,false
73,0.9949789945025045,true
74,0.0018472794934367423,false
75,0.025385962058525606,false
76,0.9824345539532998,true
77,0.9997566815101461,true
78,2.4709568324867473e-7,false
79,1.5447543633589974e-10,false
80,0.0015127685122086141,false
81,0.5777239989244201,true
82,3.742986304120123e-5,false
83,0.24926612166042333,false
84,0.9999951629673024,true
85,3.2710492603813944e-5,false
86,0.2396550812265008,false
87,3.7523965534625315e-5,false
88,0.024642185389254643,false
89,0.9999997423981086,true
90,0.9999949583742809,true
91,0.9984033934673453,true
92,0.0009556161952726461,false
93,0.41291827065868075,true
94,8.87144315192788e-6,false
95,0.9021464958736777,true
96,0.7302546375815904,true
97,0.031499941409735076,false
98,0.99993457036738,true
99,4.0317221189510345e-7,false
100,0.9894370065933868,true
101,0.0007912976928117787,false
102,0.9326688801787385,true
103,0.23140487378844415,false
104,4.565845428429487e-6,false
105,0.8768778171119973,true
106,0.0015993530740408028,false
107,7.092949754884997e-7,false
108,5.785848748366258e-6,false
109,0.9999859290813088,true
110,4.3339879448554085e-7,false
111,3.2518096246684243e-6,false
112,0.010602572450020793,false
113,0.002804511565853245,false
114,0.004996421762436151,false
115,0.11045029563457902,true
116,0.008281348941996626,false
117,0.9999812751411705,true
118,6.244799544026142e-9,false
119,0.03862855391274405,false
120,0.9998033163740073,true
121,0.8938643695264431,true
122,0.10830971350797072,false
123,0.21473536247927333,false
124,0.00024136720275758596,false
125,0.9999997252521295,true
126,0.9999976199063761,true
127,0.08357072712529269,false
128,0.9994851857639632,true
129,0.03124224238465882,false
130,0.05510390400221786,false
131,0.0013043988755159094,false
132,4.554089615622968e-5,false
133,1.4640491620994702e-6,false
134,0.13936016090883357,false
135,0.9989504776659865,true
136,0.00019480854069474357,false
137,0.9998845067183791,true
138,0.022677361166563586,false
139,0.00393743563714342,false
140,0.0013173186359722558,false
141,0.6349984814793209,true
142,9.971709527078564e-7,false
143,0.0020711214823575007,false
144,0.00021353757330693206,false
145,0.0012597093133648852,false
146,3.204068481961641e-5,false
147,0.00014388844929785972,false
148,0.8938042370220486,true
149,7.972432789818623e-5,false
150,0.9833343364890241,true
151,5.360046915640966e-7,false
152,0.011136293848337416,false
153,0.9212912384635863,true
154,9.26793100517846e-5,false
155,0.9997006687365616,true
156,0.9999618075183683,true
157,0.2883160983573948,false
158,0.0014131941525947476,false
159,4.4285844288122294e-8,false
160,0.9999623298249702,true
161,0.06719880030830915,false
162,0.5683938455341687,false
163,0.008911177645948131,false
164,0.9987644088644653,true
165,0.0013816476843259262,false
166,0.004633098330937355,false
167,0.9571184168741931,true
168,0.23697658991354334,false
169,0.03193529372773484,false
170,0.9979322613738421,true
171,0.0011142468832185874,false
172,0.9999838427915206,true
173,8.819183686848465e-5,false
174,0.0007353908392272682,false
175,8.084194185295933e-7,false
176,0.9997568820805289,true
177,0.0012794185455222609,false
178,0.001130683078897947,false
179,0.013788182124071669,false
180,0.07244798851434242,false
181,0.1660732301354665,false
182,0.7898810765920384,true
183,0.45140869614400775,true
184,0.7474059124472275,true
185,0.9725498356536267,true
186,0.007291843136391907,false
187,0.9931326723918582,true
188,0.4281365029600163,true
189,0.0038961894693936338,false
190,7.737993731352593e-5,false
191,0.9999960613083538,true
192,0.9999700253042636,true
193,0.0012429295712673132,false
194,0.9622701410191489,true
195,0.002029399418333316,false
196,0.12323155868933384,true
197,0.9968428662644546,true
198,6.117676585523494e-7,false
199,8.02768042646841e-6,false
200,0.46932434389791033,false
201,0.9995614796368636,true
202,0.9999918009979634,true
203,0.9988580128086859,true
204,0.03797374196327263,false
205,1.8247901952887874e-6,false
206,0.2924409171231925,false
207,0.6838721822768848,true
208,0.9996659173030112,true
209,1.7119492685002713e-5,false
210,9.198279364194531e-5,false
211,9.743412294786265e-6,false
212,7.142541237425051e-7,false
213,0.002505025003937272,false
214,0.25143351444562345,false
215,0.9999810111647169,true
216,0.00035479816671928814,false
217,0.9949655060078819,true
218,0.9892143662673262,true
219,0.00011349176739746705,true
220,0.005591024399531097,false
221,0.999803445031927,true
222,0.7981046414777144,true
223,0.9998316429329986,true
224,0.9997167280225587,true
225,0.004013143161203525,false
226,0.9294146560154658,true
227,0.9999940715880402,true
228,0.968838821660056,true
229,0.0009139758202029767,false
230,0.06525690653777767,false
231,0.8608561230827122,true
232,0.9999949070395437,true
233,0.42020639739705995,false
234,1.6337352602496573e-7,false
235,0.8060404188779561,true
236,0.0014614876609619668,false
237,0.9999997794289546,true
238,0.9990200428190036,true
239,0.9870640620780774,true
240,0.013211637059126823,false
241,0.683399710674278,false
242,0.052224309422455505,false
243,0.9416036578851055,true
244,0.8941244868830125,true
245,0.0008034008616332324,false
246,0.7550180807787894,false
247,0.9998791849170805,true
248,0.00018698215207391385,false
249,0.0008881419950494034,false
250,0.9996075736818746,true
251,0.06041074556650125,false
252,0.013457175232135974,false
253,0.12352985876763227,false
254,0.5210794541382674,true
255,0.0017892826048272442,false
256,0.0018982542991335194,false
257,8.835687482309998e-6,false
258,0.502696186422913,true
259,0.00018060065735599773,false
260,0.04522645388435888,false
261,0.0007422716668072499,false
262,0.643132018286182,true
263,0.0017768866863175643,false
264,0.999984940841987,true
265,0.965661218177507,true
266,0.24143908202871894,false
267,0.03584612639732403,false
268,0.1270705030207327,false
269,0.00036834193159453107,false
270,1.6106283492966543e-5,false
271,8.511684127817335e-5,false
272,3.0739621954126773e-6,false
273,0.8714900810691677,true
274,0.9998345597899898,true
275,0.17463504561978557,false
276,0.6814046316243535,true
277,0.9999483855690122,true
278,0.00011671481596730685,false
279,0.9999625895690256,true
280,0.9994533733325298,true
281,0.02210296788397451,false
282,0.0011927266961150851,false
283,0.9335138728149905,true
284,1.841073364406905e-7,false
285,0.024980880711107722,false
286,0.9916532518580293,true
287,0.9952816527949715,true
288,0.8325958139589638,true
289,0.696080567554649,true
290,0.0018374246054746754,false
291,4.968450949775472e-6,false
292,0.9997543681203621,true
293,2.2136208271618335e-5,false
294,0.9324838480989615,true
295,0.04588384261739196,false
296,1.2380647434021827e-5,false
297,0.9999953138866482,true
298,0.6682057722214159,true
299,6.854781935165416e-5,false
300,0.6824700360847642,true
301,0.9978707701185069,true
302,0.9999999908358052,true
303,0.9917614722304771,true
304,0.0007690273267006674,false
305,2.0316280751129625e-6,false
306,0.9494544220499023,true
307,0.531404015295877,true
308,0.0021477102603414807,false
309,8.488643784924842e-10,false
310,0.9990200522976559,true
311,0.006466147803776987,false
312,0.08932119666044797,false
313,0.007001422089273231,false
314,0.8287121766105494,true
315,0.14511415529638175,false
316,1.4395295686103224e-5,false
317,0.0006436833879298801,false
318,0.1621503831364853,false
319,0.11993993553235563,true
320,0.9990443991325383,true
321,0.8280559994782535,true
322,0.9911393892638637,true
323,0.959707352501342,true
324,0.9980218320140027,true
325,0.9157680129813576,true
326,7.449204156453479e-5,false
327,0.9999478412438759,true
328,0.11501340590070844,false
329,0.0014039247370900532,false
330,0.05325111703328757,false
331,0.002065369081147745,false
332,0.9715943112332892,true
333,0.006356511905402996,false
334,0.0002602484055152445,false
335,1.139749882177717e-6,false
336,0.9996672593177314,true
337,0.9893040189070886,true
338,0.00021324050528898544,false
339,0.004971999963209265,false
340,0.7295973471159054,true
341,0.9981347088123311,true
342,0.9451859517717732,true
343,6.981273934131056e-7,false
344,0.5066140669847509,false
345,0.8941988727716653,true
346,0.0010386773045645101,false
347,1.2668422564361155e-10,false
348,0.903393333867838,true
349,0.7180233467925853,true
350,0.9750990785278235,true
351,0.9825500781730724,true
352,2.3741498715642646e-6,false
353,0.9999967234917507,true
354,0.014121327922565747,false
355,0.0007030966174731751,false
356,0.9065194827138494,true
357,0.9912115361081985,true
358,0.0013060150251728731,false
359,9.120777790251121e-8,false
360,0.9957360193853182,true
361,0.3705593003557144,false
362,0.9999999818565081,true
363,0.45824690252369504,false
364,0.09780958712730785,false
365,0.06202975122031749,false
366,1.4014236630204955e-6,false
367,0.00012473256478390713,false
368,0.9997732112726017,true
369,0.9994624676599061,true
370,0.0004485492900999634,false
371,9.618528694165581e-5,false
372,0.21929052202235405,false
373,0.07119574003298464,false
374,2.0162676751960055e-5,false
375,0.9894794858629435,true
376,0.003894891594300826,false
377,0.878213511707133,true
378,0.9392946452812714,true
379,0.0002622743978428916,false
380,0.005963591482023758,false
381,0.13674730466723437,false
382,0.2335979169041521,false
383,1.785616970659912e-5,false
384,0.11812673407526338,false
385,0.9999909311110036,true
386,0.039675839984256715,false
387,0.01618629452615547,false
388,0.033187154828456814,false
389,0.3243929433649587,false
390,0.003461870964364646,false
391,0.9997912146047601,true
392,0.07533942841276813,false
393,0.1279003850548942,false
394,0.0005593158852587344,false
395,0.985186442368182,true
396,0.0010757596010676192,false
397,0.9999778412831491,true
398,0.009969484886590682,false
399,6.62685888318341e-7,false
400,0.00203343878094895,false
401,0.9851599560052087,true
402,0.008584490274648976,false
403,0.6522229290848482,true
404,0.026533417903004897,false
405,0.9999995857090576,true
406,0.6702803345269207,true
407,0.11414388458868033,false
408,0.9830006051733331,true
409,0.9346425289114441,true
410,0.0010519730631131834,false
411,0.965636108595087,true
412,0.03756065074608926,false
413,0.02291805649430664,false
414,0.8550884519688268,true
415,0.96646657483632,true
416,0.7130372091240529,true
417,0.0050372948706353575,false
418,0.9999999461683848,true
419,0.9993121485155387,true
420,0.00025285609926017157,false
421,0.009583438149028517,false
422,1.0367230714042645e-5,false
423,0.9682757600282279,true
424,0.000897016236010422,false
425,0.9755123053648659,true
426,0.9999216330122598,true
427,0.9998217392198959,true
428,0.0037539887314967687,false
429,0.007369514258150465,false
430,4.861274257193548e-5,false
431,0.32601885158533306,false
432,2.8261264232974965e-8,false
433,0.9999792364667358,true
434,0.02330045720755056,false
435,0.0029277621924598484,false
436,0.033520054488010105,false
437,0.005796108921320358,false
438,0.9999999501318018,true
439,0.00046706820803219944,false
440,0.01832756659433497,false
441,7.3941794919255865e-6,false
442,0.01804520792927189,false
443,0.7612359479075557,true
444,0.9067618490774502,true
445,0.9998754420613839,true
446,0.16000152235440895,false
447,0.836158399532875,false
448,0.0016000757529691313,false
449,0.1799747274660628,true
450,9.53086796258461e-6,false
451,0.0001084531391438744,false
452,0.00022045614817522055,false
453,0.0010768897795411095,false
454,0.0005755063469652545,false
455,1.4733180038404931e-5,false
456,0.9915781713368736,true
457,3.3875523222151836e-8,false
458,0.02549171881171336,false
459,0.051535647921286266,false
460,0.9753367773956105,true
461,0.003991783256195818,false
462,0.7839537995738226,true
463,0.9999998311750234,true
464,0.9838105701024353,true
465,1.4381865738453093e-9,false
466,8.230782253780253e-5,false
467,0.00464412924706785,false
468,0.9428769849216521,true
469,0.8899023072560348,true
470,0.3732065697217476,false
471,0.9989872111144318,true
472,0.08173474539950228,false
473,7.145924243820278e-5,false
474,0.46900636795897116,true
475,0.2501459928660567,false
476,0.8911599326059184,true
477,2.4230075086455554e-5,false
478,0.9571001267579143,true
479,0.11566666944667858,true
480,0.36940873363226345,false
481,0.999913974919988,true
482,0.05445793272928461,false
483,0.18315240411628633,false
484,5.930064383982088e-6,false
485,0.0030899703473163172,false
486,2.689451531071889e-6,false
487,9.798174855293122e-5,false
488,5.557116628736387e-6,false
489,0.0016149424284870849,false
490,0.999993447594091,true
491,0.9994145783260417,true
492,6.366654374495075e-5,false
493,0.0017172508439073537,false
494,0.8397926834767939,true
495,0.9861327443309543,true
496,0.9965473399371453,true
497,0.000710663265527668,false
498,0.010812099697340729,false
499,0.9996324546592144,true
500,0.00027294679575122765,false
501,0.9988720450193578,true
502,0.06892181932511436,false
503,1.2456536426702875e-7,false
504,0.6586686891724475,true
505,0.9999350845344345,true
506,0.9989309402444158,true
507,0.027718389941904037,false
508,0.49037924722338405,false
509,0.9835020765345353,true
510,0.38562972392970307,false
511,0.0024944149263932567,false
512,0.0002631622246281556,false
513,0.9997736333044148,true
514,0.9395333325528901,true
515,0.0,false
516,1.3833698774883913e-5,false
517,0.4303334279810193,false
518,0.9920595214261659,true
519,5.659826584291294e-6,false
520,0.0123820709609648,false
521,4.5228699646945847e-7,false
522,0.38733488569066804,false
523,7.799696471528946e-9,false
524,6.433777711205425e-9,false
525,0.0004677052354428193,false
526,4.705312790124168e-7,false
527,0.05721212559428889,false
528,0.00013954375114253446,false
529,0.9999960465958881,true
530,0.9999996948557596,true
531,0.8798367794613926,true
532,1.7549167355635882e-7,false
533,0.34308680256793855,true
534,0.9971229540064399,true
535,0.002576590784135458,false
536,0.9999969703297849,true
537,0.999924812623476,true
538,0.6389207846849745,false
539,7.87780338771038e-6,false
540,0.2271201301975149,false
541,0.43120330817016844,false
542,0.00026936860379540525,false
543,0.0444167231705642,false
544,0.5165717791939767,false
545,2.4281924329615297e-6,false
546,0.99993421486419,true
547,0.9065495009648491,true
548,0.9111174494024995,true
549,0.9949741378933215,true
550,4.263615560535512e-7,false
551,0.5060029458053339,true
552,0.0004268138922985954,false
553,0.9009215512939815,true
554,0.9999499946247974,true
555,0.00024589278055137673,false
556,0.18676410320179557,true
557,0.999951159725047,true
558,5.2465244257852524e-9,false
559,2.9330103512655176e-5,false
560,0.01325273876504373,false
561,0.9245992955838376,true
562,0.17222958160901156,false
563,0.21358812235491414,false
564,0.0013480220413460812,false
565,1.8832648443206355e-5,false
566,0.9999988238523638,true
567,0.9997140899824462,true
568,0.999940414883394,true
569,0.9984391146384619,true
570,0.9998547863533596,true
571,0.9986842425865582,true
572,0.4250712737232587,false
573,0.9935454448209422,true
574,0.00011667510431202124,false
575,0.002550983457410705,false
576,0.998764954310495,true
577,0.016630859528484664,false
578,0.023359999805369482,false
579,0.001227300095033278,false
580,0.89964925156543,true
581,0.013721106356375617,false
582,0.9236005233525861,true
583,0.8428068190843233,true
584,2.5769709633054457e-8,false
585,0.9999091894483396,true
586,0.4272360511209774,false
587,0.7587918559002835,true
588,0.00010698111203483189,false
589,0.071901666188011,false
590,0.9592363195082045,true
591,0.47986818448796575,false
592,5.355138100414511e-5,false
593,0.5776381288580114,true
594,0.9999663993402083,true
595,0.20419480153241473,true
596,0.00039755205364385267,false
597,0.999998681859112,true
598,0.9978645841926004,true
599,0.9999845206646233,true
600,0.8403701366945624,false
601,1.4902205519099855e-7,false
602,0.00022341608929242194,false
603,2.3130442682880144e-8,false
604,0.992524154687372,true
605,0.533018292387525,true
606,0.9606975766924502,true
607,0.954671043205778,false
608,0.6011097233189452,true
609,2.0695625759841104e-5,false
610,0.001310138784927111,false
611,0.9988167179105374,true
612,1.1952719569469942e-5,false
613,0.003552320553991574,false
614,0.0001431715076067367,false
615,0.9483875277074871,true
616,0.8896693174329592,true
617,2.424340700616668e-5,false
618,0.0009401305280340872,false
619,0.9963776129084992,true
620,0.00037436369336779363,false
621,0.9328737737281011,true
622,0.6841242379007817,true
623,0.03586810590673413,false
624,0.027003939079547425,false
625,2.1639867948496495e-6,false
626,0.9974722731282487,true
627,5.0218489715077825e-6,false
628,4.004741822035904e-5,false
629,2.756697968225011e-6,false
630,0.0001929024737527234,false
631,0.0016861736299827463,false
632,0.9911973193174007,true
633,0.04758747546126547,false
634,0.9997606164284022,true
635,0.9999796104027583,true
636,0.005228965200116934,false
637,0.00010255244982390473,false
638,0.055915161404779506,true
639,0.9999992764335817,true
640,9.150630621083097e-6,false
641,0.9987063579984943,true
642,0.2907500121790336,false
643,3.1765605811402154e-5,false
644,7.803637688163135e-9,false
645,0.004929167266105692,false
646,0.9999856194748257,true
647,0.9999995173139512,true
648,0.6632752802967442,false
649,0.009456736125682524,false
650,0.998708671329332,true
651,0.27639067292182695,false
652,1.7042277425407334e-5,false
653,3.457964744661448e-5,false
654,0.06613857829936814,false
655,2.8632660567590346e-5,false
656,1.2337794081117953e-7,false
657,0.9277605253852427,true
658,0.9892708679480734,true
659,0.07458160663804618,false
660,0.9990400687193263,true
661,0.9999981642917436,true
662,0.7600886472657141,true
663,0.711510234233324,true
664,0.9994522308623018,true
665,0.9999938825517343,true
666,0.0026525015903756995,false
667,6.785566339408433e-7,false
668,0.1094639635701061,false
669,0.9979536136836717,true
670,0.99997963476372,true
671,0.9999972901076285,true
672,0.15613939032929167,true
673,0.170174103604173,false
674,0.41638165050400233,true
675,0.999050389670984,true
676,0.002536604490730996,false
677,0.789646989529514,true
678,0.000551015736730237,false
679,0.5333525861489222,false
680,0.9999998367544842,true
681,0.9999976286680488,true
682,0.9999841677776511,true
683,0.9623654714598638,true
684,1.1332949929442568e-5,false
685,0.5521128512569239,true
686,0.994888015807936,true
687,0.556525140525288,false
688,0.6413804774266652,true
689,0.06046438309232423,false
690,5.693815561288028e-5,false
691,0.8099864160323493,true
692,0.9343600352433228,true
693,0.01199215533631602,false
694,0.9737172349476141,true
695,0.9999986250117571,true
696,0.5379708976896792,false
697,0.0012181785387430225,false
698,0.9721035233741919,true
699,3.247545998854473e-7,false
700,0.5568697284291578,false
701,0.9999889674842322,true
702,0.002282122850982702,false
703,0.9939083705341198,true
704,0.19604713697719386,false
705,0.6564176178070957,true
706,0.9999999983542089,true
707,4.383078816158947e-7,false
708,0.0055276282477316275,false
709,0.9707792877935405,false
710,1.9691985047338217e-6,false
711,0.002034156624869335,false
712,0.29142593173223147,false
713,2.4764689560576143e-6,false
714,0.004877534579179844,false
715,0.9991794325920822,true
716,0.6840525523425961,false
717,0.3153725738266792,false
718,0.1429842383361469,false
719,0.0005273293063139665,false
720,0.0016685905975794574,false
721,0.9985874420679257,true
722,0.010074264754860176,false
723,0.06038268634531686,false
724,0.87560682895861,true
725,0.9999999125240898,true
726,0.03422811611715641,false
727,3.739194166208182e-8,false
728,1.3312634407111663e-6,false
729,0.2724328987387562,false
730,0.9999293063728649,true
731,0.7001708102040539,true
732,0.9999930648396184,true
733,2.171444247635615e-6,false
734,0.9895451690854261,true
735,0.0017734865861823677,false
736,0.014785541876004353,false
737,5.175122288958245e-7,false
738,0.5098387136657887,true
739,2.1491591349418148e-5,false
740,0.01993186821788046,false
741,0.9999988684486639,true
742,0.9999242037560778,true
743,0.5138384028989358,false
744,7.091515937931427e-7,false
745,0.014841122412067382,false
746,9.903335299360846e-5,false
747,0.6242852870150906,true
748,0.999993914718736,true
749,0.00026998235211227704,false
750,0.5714847223859714,false
751,0.001037904657417178,false
752,0.9853503861339423,true
753,1.5203222351445185e-5,false
754,0.04076596868310424,false
755,0.1030148333476493,false
756,0.9999987115255239,true
757,0.005431246809434532,false
758,0.5188040004952261,false
759,7.6247916317146e-9,false
760,0.9949369689733225,true
761,1.276548771159422e-5,false
762,0.012450266510692483,false
763,0.9095140856007297,true
764,0.9617171720853512,true
765,0.9985163959767522,true
766,0.10712860626064652,false
767,0.0012306283969330954,false
768,0.8481604901688866,true
769,0.998470880421588,true
770,1.7935289377683193e-5,false
771,0.9999954427915674,true
772,0.9996606448338318,true
773,0.999633893814733,true
774,0.9999657890168113,true
775,0.9999625833151489,true
776,0.9657288236821229,true
777,0.004710758601479614,false
778,0.02471326846578401,false
779,0.9289203333452959,true
780,0.27940164204766843,true
781,0.007235813529570732,false
782,0.7948080745707753,true
783,0.07002881115877314,false
784,0.1770895096814297,false
785,0.053396329366821954,false
786,0.9999998640575245,true
787,0.9883350526885679,true
788,1.1750751986191595e-7,false
789,0.848505253884779,true
790,0.02561376346234028,false
791,0.8635849118511333,true
792,0.003066538277542469,false
793,2.0338527442744043e-5,false
794,0.9964893637241333,true
795,0.9631442212349545,true
796,0.9839015164016495,true
797,0.9999952421684789,true
798,0.9999981328692594,true
799,9.014075651667863e-6,false
800,0.017411517402546487,false
801,0.00034034506176420224,false
802,0.00020835779361294473,false
803,0.5344438277927119,true
804,6.853394300151584e-5,false
805,0.9987282950724532,true
806,0.9998418830135961,true
807,0.9998556924229643,true
808,0.9972058572861515,true
809,0.03193562870737005,false
810,0.005063291971254792,false
811,0.022477886782660324,false
812,2.4179186713693018e-8,false
813,6.678287956250169e-5,false
814,0.9993682312303989,true
815,0.023321738626183527,false
816,0.040664273841179405,false
817,0.9803317539241803,true
818,0.03087715931584506,false
819,0.0009556848571527259,false
820,0.00026930573060112724,true
821,0.0003413143174838233,false
822,0.01424671361712224,false
823,0.013900448086827864,false
824,0.44847493494242296,true
825,1.398367198543789e-9,false
826,0.0010785637175240498,false
827,4.12894903509018e-9,false
828,0.4135015263105491,false
829,0.00010134231179633394,false
830,0.07176263383191296,false
831,0.9985637400242581,true
832,0.0015376961051360941,false
833,0.8602954267042178,true
834,2.5359764259818414e-5,false
835,0.9885386713872442,true
836,0.0009490220057798077,false
837,2.491543759158616e-6,false
838,0.8604301206370096,true
839,0.46494031374692446,false
840,0.996644239524874,true
841,0.9260126414871611,true
842,0.99999992144604,true
843,0.09315783312333685,false
844,0.00011882481192233263,false
845,0.017210905799725933,false
846,0.8699912158844413,true
847,0.9439369691525007,true
848,0.0002065546309635148,false
849,0.7716996918777148,false
850,0.005958296015066829,false
851,0.0027541839890182006,false
852,0.0029057132219635585,false
853,0.34340266003647496,true
854,0.6736070486957554,true
855,0.9999017688523848,true
856,0.6012474677518294,true
857,0.9999891567609278,true
858,0.5378969132965211,false
859,0.3419846583885764,true
860,0.9943197906144048,true
861,0.06259510881407436,false
862,0.29237656041520865,true
863,0.7927594334993513,true
864,0.9986001824485242,true
865,0.9999440061929677,true
866,0.4344491298631641,true
867,0.28267924289590574,false
868,0.999956666904259,true
869,0.6351289698147626,false
870,0.9708401585082129,true
871,0.29656384719267914,false
872,0.9997676202404318,true
873,0.24852435799954567,true
874,0.578026555070807,true
875,0.46402740932599684,false
876,0.9994739575686624,true
877,0.9272416285018313,true
878,0.04641953170701388,false
879,2.8535188961202446e-6,false
880,0.0033939877721667266,false
881,0.9973626459784762,true
882,0.6130466935143223,false
883,2.886590974589823e-6,false
884,0.9999674665844658,true
885,0.988718684921939,true
886,0.9988593915892278,true
887,0.35425660268299647,false
888,0.9422821333506258,true
889,0.9958104311223469,true
890,0.3892882567971266,false
891,0.9986065524608553,true
892,0.0002026410718194857,false
893,3.678968786922563e-5,false
894,2.107629983953488e-6,false
895,1.5267699391178151e-6,false
896,0.6710798820217354,true
897,0.046824188294422676,false
898,0.20620216308472347,false
899,0.999589464125518,true
900,0.8704290696100521,true
901,0.9809122750722462,true
902,0.0327190361682447,false
903,9.885946764465954e-5,false
904,0.007777403998633378,false
905,0.6665178790326374,true
906,0.9996528825170592,true
907,2.1259879511768872e-6,false
908,0.6458503937102442,true
909,0.9307605803708091,true
910,2.212370815150507e-6,false
911,0.0072287970825831134,false
912,2.9207084813893827e-5,false
913,0.9920167503767222,true
914,0.9992443553441083,true
915,0.5989064921105666,true
916,0.9999999154031507,true
917,0.8126541425273601,true
918,0.9999987981370192,true
919,0.9999982013032626,true
920,0.008046435357229223,false
921,0.47597102500631333,true
922,0.4016006084781872,true
923,1.4891767031000091e-6,false
924,0.00011435283613456277,false
925,0.002530924174433758,false
926,0.9999998106485214,true
927,1.5819832332069086e-7,false
928,0.9999438349488364,true
929,0.9999958982330766,true
930,0.00018220001467104285,false
931,0.8889877604880543,true
932,0.4175983046111069,true
933,0.3950077412879875,false
934,0.0018583383502865502,false
935,3.665344680916039e-5,false
936,1.5640870215072796e-7,false
937,0.098972315304232,false
938,0.0021051450286007772,false
939,0.06328136174015472,false
940,0.9999992078394329,true
941,0.009925349714324539,false
942,0.9952962890837371,true
943,0.8153158434909404,true
944,0.005472726994628181,false
945,0.015806678823199753,false
946,3.4445937589427252e-9,false
947,0.9817532829526554,true
948,0.00010861040381203475,false
949,0.999999938111614,true
950,0.026660263740564932,false
951,0.999948095635124,true
952,0.9837852458445168,true
953,4.891549986101392e-9,false
954,0.0032049242833815973,false
955,0.4434707468617479,false
956,0.9999509177195488,true
957,1.306919064616683e-7,false
958,0.9140564550235809,true
959,0.27566605117125537,true
960,1.0409806190651927e-5,false
961,1.9383024122668145e-6,false
962,4.607523588501408e-6,false
963,0.889871862509697,true
964,0.9525746919114011,true
965,0.0007860449136913921,false
966,6.135056549456137e-6,false
967,0.9999919791557196,true
968,0.0101759763452763,false
969,0.024295625148579462,false
970,0.1005498551643083,false
971,0.511317801461633,false
972,0.9978641100183805,true
973,0.00525430686859089,false
974,0.43482101087506,true
975,0.9999981072916345,true
976,0.10096516832492597,true
977,0.9559856997539863,true
978,0.9999992792113046,true
979,0.285220760383848,false
980,0.9999997602141479,true
981,0.8103848001929932,true
982,0.000715595762180783,false
983,0.00028910758499582856,false
984,0.00014008862760004078,false
985,0.000852567771632393,false
986,0.9887573262779099,true
987,5.33901941020263e-5,false
988,0.8417765890523735,true
989,0.0001923033086000963,false
990,0.7842551639731883,true
991,0.03506713724023014,false
992,0.9978989162819564,true
993,0.9999987663749704,true
994,0.6647437352497126,true
995,7.041016100047882e-10,false
996,0.005733609711086207,false
997,8.00077663757992e-6,false
998,0.0035054065201848192,false
999,0.0002973077868868442,false
1000,0.0033629001234102944,false
1001,0.3929184196431636,false
1002,0.05391486179615081,false
1003,0.0015701839034787666,false
1004,0.0001306874049018753,false
1005,0.9989801624431112,true
1006,0.9997563489117183,true
1007,4.09829854499785e-5,false
1008,0.0039131750141601996,false
1009,0.03098579397800169,false
1010,0.7921211331874057,true
1011,0.49038846812030584,false
1012,0.00035755915240616665,false
1013,0.9265385112894126,true
1014,0.9181825504967442,true
1015,0.9993841495073296,true
1016,0.40896967508836696,false
1017,8.028569111783387e-6,false
1018,0.9999999993580759,true
1019,0.00027981890702294306,false
1020,1.7877362443032998e-8,false
1021,0.9876964467959074,true
1022,7.023351324034307e-7,false
1023,0.7954778622599172,false
1024,0.0186020932924842,false
1025,0.000219225643499105,false
1026,0.1838594991877582,true
1027,0.035380799952124134,true
1028,0.5539522434094369,false
1029,0.9719461017917264,true
1030,0.9999971914487787,true
1031,0.8997458235444739,true
1032,0.8388554239675886,true
1033,0.8143531010448448,true
1034,0.10379771186840425,false
1035,0.8682189940409237,true
1036,0.9999999554718473,true
1037,0.7408632945008435,false
1038,0.9999887446014101,true
1039,0.8967643342239588,false
1040,0.0005564703981582799,false
1041,0.2817405563643153,false
1042,0.0001266743878153688,false
1043,0.8816165366388069,true
1044,0.9704803841293363,true
1045,2.906586289657439e-5,false
1046,0.007592770294324655,false
1047,0.9999646546378235,true
1048,0.9998229315725624,true
1049,8.793269014860583e-6,false
1050,4.545112281606411e-7,false
1051,0.17371614058468085,false
1052,0.5738221616449442,true
1053,7.022558673279641e-6,false
1054,0.14240915733603635,false
1055,0.056657069969333465,false
1056,0.10498988073492328,false
1057,0.9629697402616225,true
1058,0.1270560158768473,false
1059,0.9996491528990208,true
1060,0.9981727109608459,true
1061,2.688114155929142e-6,false
1062,0.03811721821346063,false
1063,0.9999999974632001,true
1064,0.312512279884825,true
1065,0.9999999027620278,true
1066,4.184208563370684e-6,false
1067,0.9999011987247767,true
1068,0.6596663426435547,true
1069,4.290473441445273e-7,false
1070,0.05683391878026313,false
1071,0.0001299737790614672,false
1072,0.48849692708393405,true
1073,0.06754332390668183,false
1074,8.18388902949019e-5,false
1075,6.652021626149402e-8,false
1076,0.1669904572088039,false
1077,0.9730744464658038,true
1078,0.9999921185748247,true
1079,0.3883388225132724,true
1080,6.501138115454262e-6,false
1081,0.013356289574585407,false
1082,0.9998243677809061,true
1083,0.9999999999391824,true
1084,0.761930322196149,false
1085,1.6554827762256277e-11,false
1086,0.999999988993613,true
1087,0.004190924350376409,false
1088,0.004693750563331842,false
1089,0.05587315688383104,false
1090,3.8868230132717896e-5,false
1091,0.00025835584962752246,false
1092,0.9999999824568663,true
1093,0.4210168682668056,false
1094,0.9961134204677461,true
1095,0.543061083269395,false
1096,2.7260957565053468e-5,false
1097,0.9999990723135959,true
1098,0.2645219429181566,false
1099,4.340419016031118e-5,false
1100,0.9991646654256859,true
1101,0.9987814172831163,true
1102,0.8459387940248161,true
1103,0.998960196538429,true
1104,0.0002965938670154778,false
1105,0.7995121020360556,true
1106,0.13724611956715738,false
1107,0.9997344094607578,true
1108,0.0010403321221203114,false
1109,0.2152075379310048,false
1110,0.3574499186462726,true
1111,0.19988177420245304,false
1112,0.9993337871296425,true
1113,0.666112275203924,true
1114,0.21168009599567997,false
1115,0.9812008882764117,true
1116,0.0036968724996222016,false
1117,0.9999983652669691,true
1118,2.961937381503755e-5,false
1119,0.9988494229621956,true
1120,0.002983199718032145,false
1121,0.545231118881342,true
1122,0.9893204032453865,true
1123,0.0009415499261578698,false
1124,0.9813024858870655,true
1125,0.8512543015916099,true
1126,0.11602021037330765,false
1127,0.9715103586508231,true
1128,0.961511438280732,true
1129,0.9977898657590949,true
1130,7.356616806810159e-7,false
1131,0.9999258599153394,true
1132,0.1854763195703901,false
1133,0.0011838156684104506,false
1134,0.00282759326392956,false
1135,0.9999854608991331,true
1136,0.9320486771432386,true
1137,1.867002724188807e-5,false
1138,0.0020356324419653756,false
1139,0.16691767971400434,false
1140,0.999651320340585,true
1141,0.007610576814620818,false
1142,1.3002459384544316e-5,false
1143,0.9805213417739901,true
1144,0.0006131028822256433,false
1145,0.9780978524616221,true
1146,0.8364444960019412,true
1147,0.3801360636356164,true
1148,0.9485814093238213,true
1149,0.00315588544443841,false
1150,0.9629983224925274,false
1151,0.002318099065479258,false
1152,0.35245282166533454,false
1153,0.1511362594626107,false
1154,0.007521507733866358,false
1155,0.9278104659428146,true
1156,0.05731137020589269,false
1157,0.7839833823775522,true
1158,0.9685903862699806,true
1159,0.1425061234877339,false
1160,0.999316424596637,true
1161,0.9999729649351938,true
1162,6.623222391624395e-7,false
1163,0.008911596133165953,false
1164,0.7964073327043993,true
1165,0.019350002582785547,false
1166,0.9970817439076186,true
1167,5.0983697221101786e-5,false
1168,1.0381766809209704e-5,false
1169,0.1935295722223342,false
1170,0.9740663095904655,true
1171,1.4155614155652992e-8,false
1172,0.9998903322929688,true
1173,2.1488266370539273e-8,false
1174,0.9985066609975841,true
1175,0.0008140616974626261,false
1176,0.9999990639562975,true
1177,0.008770223892661043,false
1178,0.4573401749976998,true
1179,0.00017574688341724404,false
1180,0.9999987446475364,true
1181,0.8877087392940076,true
1182,0.9552524615814376,true
1183,0.001266168061269717,false
1184,0.5257684479489714,false
1185,0.9999969907817261,true
1186,7.846921146037671e-5,false
1187,0.10635548914978703,false
1188,1.696251139463065e-6,false
1189,0.546079727754131,true
1190,1.2350637407140457e-8,false
1191,0.9999593992163559,true
1192,0.9992044913772,true
1193,0.9999998712645078,true
1194,0.28707020902105623,false
1195,0.9999283256892706,true
1196,0.9999954683082256,true
1197,0.9999967762328531,true
1198,0.9998706721524486,true
1199,0.9993684496127736,true
1200,0.9954059746814157,true
1201,2.7154374387649327e-11,false
1202,3.325756390468435e-8,false
1203,0.9084258815841885,true
1204,0.9999961589108,true
1205,0.9999998305518506,true
1206,0.17022494474090966,false
1207,0.322018743140322,true
1208,0.03431022505011848,false
1209,4.516619510892589e-7,false
1210,0.00039627713497041706,false
1211,2.901461744140651e-5,false
1212,5.581265753369702e-7,false
1213,0.9972786218251029,true
1214,0.99999862394009,true
1215,9.519250638493971e-5,false
1216,1.223559779515334e-7,false
1217,0.9952528252103517,true
1218,0.360044575939559,true
1219,0.9997997377830279,true
1220,0.19990991517450035,false
1221,0.0006866600846115338,false
1222,0.009728568033716797,false
1223,0.00145795776037512,false
1224,0.60716587033899,false
1225,0.9975115094876731,true
1226,0.9997213758540034,true
1227,0.007374096673421688,false
1228,0.39159133400095086,false
1229,1.1835022367934654e-5,false
1230,0.18712829904157027,false
1231,0.006203113037487381,false
1232,0.1529132420353207,false
1233,0.9999999977486955,true
1234,0.6028854455919873,false
1235,0.018996141293727207,false
1236,0.0005500921820347448,false
1237,0.5535856109783156,true
1238,0.8971401942804321,true
1239,0.9992365601991775,true
1240,8.594895676560444e-6,false
1241,0.08723941361278621,false
1242,0.9836085614595298,true
1243,0.5500611271137577,true
1244,3.9080727764539354e-7,false
1245,0.016909550126100657,false
1246,0.03373941094124251,false
1247,0.8332901902256549,true
1248,0.999987947551393,true
1249,0.12251968875531902,true
1250,0.0594883647054927,false
1251,0.34998818321254316,true
1252,0.9999510162440997,true
1253,0.9887576067445473,true
1254,0.10327256183554963,false
1255,0.9998734128845623,true
1256,0.0007142793686846366,false
1257,0.011304724272547856,false
1258,0.9996370483172505,true
1259,0.9997062253950838,true
1260,0.9999960904165366,true
1261,0.9984416232412444,true
1262,0.9884359646796047,true
1263,0.12085719859581115,false
1264,1.9939845759731323e-5,false
1265,0.448438104895134,false
1266,0.017396150649069155,false
1267,0.9010835950127495,true
1268,0.3958013912008963,false
1269,8.923251696797377e-6,false
1270,0.9999999996613023,true
1271,0.9946243392662452,true
1272,0.040543579416650724,false
1273,0.81085666562691,true
1274,4.190985702878224e-5,false
1275,0.00011181185886999463,false
1276,0.0074418212966939545,false
1277,0.00043290378163440135,false
1278,0.00448771846477722,false
1279,0.9999979399342805,true
1280,0.9999884600156324,true
1281,0.9867403360665155,true
1282,0.6424395318204775,true
1283,0.9994766136870473,true
1284,0.9607499395581729,true
1285,0.9944803239913302,true
1286,0.07816066722396249,false
1287,0.2194062222115102,false
1288,0.45976469225709754,false
1289,0.0002828406181374508,false
1290,0.6890224786950937,true
1291,0.9980782254316983,true
1292,0.0024267533294909374,false
1293,3.88147560718118e-5,false
1294,0.00011105168611499684,false
1295,0.9993055564222231,true
1296,0.01135370946102489,false
1297,0.9997609517603356,true
1298,0.9999946733378335,true
1299,0.010495246989057957,true
1300,0.03319688887467124,false
1301,0.6942102812147485,true
1302,0.11550288845073062,false
1303,0.8313716301661823,true
1304,0.9965020956658478,true
1305,0.9996854497134292,true
1306,1.2513800647658785e-14,false
1307,0.9793543686793948,true
1308,0.0008038063350123205,false
1309,0.9999743546673979,true
1310,0.03329980757084742,false
1311,1.5137941561181305e-5,false
1312,0.11318711676046689,false
1313,0.00015795440057202352,false
1314,0.7957583482456749,false
1315,0.33575256039259743,false
1316,0.0003052636897712831,false
1317,0.19536531550635045,false
1318,0.48351807446705125,true
1319,0.9998073290941043,true
1320,0.984281729347582,true
1321,0.281515918993842,false
1322,0.003236046123664702,false
1323,1.1818187509599672e-5,false
1324,0.9999999871138602,true
1325,0.9999937356289172,true
1326,9.212250639064506e-5,false
1327,0.8345909345223999,true
1328,0.0003060278171692601,false
1329,0.9956080680312995,true
1330,0.05222572758784637,true
1331,0.018482365967312293,false
1332,0.20764974748559512,false
1333,0.0448596795038356,false
1334,0.9999806170352361,true
1335,0.3936254974696643,false
1336,0.9990311779794475,true
1337,0.16681630840673722,false
1338,0.0006453816121597625,false
1339,0.9998918331933803,true
1340,0.03533737407761839,false
1341,5.509869291010323e-6,false
1342,0.6333493702756531,false
1343,7.921549191218937e-5,false
1344,0.9999020821760697,true
1345,1.1109702612959258e-5,false
1346,1.8901361741236575e-6,false
1347,0.9999995245139162,true
1348,0.09074640106154712,false
1349,0.9648406646806351,true
1350,0.9878628278536163,true
1351,5.7224097863785014e-8,false
1352,4.863126122393396e-8,false
1353,0.00015649920712923257,false
1354,0.999900813417996,true
1355,0.3342020468187307,false
1356,0.44382960780773917,true
1357,0.28165249812329207,false
1358,0.9996199847604325,true
1359,0.9202467318076497,true
1360,0.7029182037993913,true
1361,1.6881881438790314e-7,false
1362,0.00875540328263302,true
1363,0.9999195679617496,true
1364,1.9936876082781352e-7,false
1365,1.9826410597035365e-5,false
1366,3.645012263160313e-5,false
1367,0.000769557937386295,false
1368,7.002286743485789e-5,false
1369,0.9999375056199992,true
1370,0.07148614882958533,false
1371,0.48129885461808,false
1372,0.41994042341114635,false
1373,0.992681572301792,true
1374,0.5979715667924885,false
1375,0.6578565041108958,true
1376,0.0006945619839160168,false
1377,0.9988026845461248,true
1378,0.9999119742651592,true
1379,0.00020607037715242597,false
1380,0.00010065009442512563,false
1381,0.6065856357407909,false
1382,0.015567350945456826,false
1383,0.002450947259394608,false
1384,0.9999976978906473,true
1385,0.4381827228057233,false
1386,0.024342338786662015,false
1387,0.996817342847628,true
1388,0.9993946032756357,true
1389,0.0003348651705973225,false
1390,0.002698357874862854,false
1391,0.04466979753056096,false
1392,0.9999694987246274,true
1393,7.388955210977159e-8,false
1394,0.9986644007805467,true
1395,0.0007393068944951207,false
1396,0.18464231858766503,false
1397,1.5207585826809896e-7,false
1398,0.00010590052988099123,false
1399,0.6614579747885051,false
1400,0.08253263044341885,false
1401,0.1935329038731725,false
1402,0.8319538423855954,true
1403,0.006684409456773751,false
1404,0.999999640527129,true
1405,1.1843800829704537e-6,false
1406,8.444956836689209e-7,false
1407,0.25431256921827167,false
1408,0.9994646333872272,true
1409,0.0028101695809889153,false
1410,0.9998623823210476,true
1411,1.1721793883888152e-6,false
1412,0.9797307924448028,true
1413,0.14394344925585964,false
1414,1.002570846403327e-5,false
1415,0.9916795818433459,true
1416,0.9756940035742323,true
1417,0.00019608379893453046,false
1418,0.37704274872196264,true
1419,0.9647501876846735,true
1420,0.996888041040142,true
1421,0.9729497304265609,true
1422,0.1229934981399579,false
1423,0.0003895106351628113,false
1424,0.902573525624612,true
1425,0.00096433460196827,false
1426,0.10849836812011217,false
1427,0.0004215532051035081,false
1428,0.002799271808335568,false
1429,0.9992169495289973,true
1430,0.0657900715792092,false
1431,0.9999999995258759,true
1432,0.33823382417603426,false
1433,9.862220565966086e-5,false
1434,1.834718319567173e-6,false
1435,0.0005961411001823253,false
1436,2.4972951477031716e-5,false
1437,0.11490199621667038,false
1438,2.1103948121385106e-6,false
1439,0.9999985018219303,true
1440,0.3709084620344181,false
1441,7.601833160625427e-5,false
1442,0.15619715891489408,false
1443,0.003340522658412805,false
1444,0.18230542387388488,false
1445,0.006043396995138756,false
1446,0.09122923512155032,false
1447,0.0004124770659382748,false
1448,0.16583461919393355,false
1449,0.9714212013521873,false
1450,0.9996447648855513,true
1451,0.0007698025198193223,false
1452,5.498794664043496e-5,false
1453,0.09724657720439378,false
1454,0.9502560992054019,true
1455,5.375230888785196e-7,false
1456,5.923531361788326e-5,false
1457,0.6731481396240381,true
1458,0.9997535889368061,true
1459,0.5166068437477391,true
1460,0.0001353462435729222,false
1461,0.9898942389659923,true
1462,0.9999786424204504,true
1463,0.8081157073406338,true
1464,0.0177722982122901,false
1465,0.004348912462761116,false
1466,1.6773560710145076e-5,false
1467,0.013771174609617413,false
1468,0.017839997745732875,false
1469,0.001752425113204366,false
1470,0.9948960545062189,true
1471,0.17840694670860416,false
1472,0.0010566768584098737,false
1473,0.9984885183864076,true
1474,0.03706025881772555,false
1475,0.5489802575995106,false
1476,0.0020870071272856222,false
1477,0.01749773593142221,false
1478,0.02465701545937621,false
1479,0.0022750094843179947,false
1480,0.33081407127291607,true
1481,0.2598417546403568,false
1482,3.4538381694567005e-7,false
1483,1.832414559378832e-5,false
1484,0.9999977495504676,true
1485,0.5993801174772234,false
1486,4.529459815102249e-5,false
1487,0.00013532682820041882,false
1488,0.9953549482927755,true
1489,5.001822121580148e-6,false
1490,0.984992315075657,true
1491,0.9984773410041221,true
1492,0.39982947491652693,false
1493,0.0020435230931460336,false
1494,0.9999992143957296,true
1495,0.7872871294022394,true
1496,6.740396629405801e-6,false
1497,0.999461513841546,true
1498,0.9999849102539411,true
1499,0.9999866129532621,true
1500,0.4438495202923301,false
1501,0.9819897589992835,true
1502,0.9999995764518166,true
1503,0.0014767268265110478,false
1504,9.634478802586217e-5,false
1505,0.03816173202793718,false
1506,0.995619035624195,true
1507,0.9999792361093017,true
1508,0.7694497899482449,true
1509,0.0005784434439805461,false
1510,0.993044399457619,true
1511,0.9981743703306171,true
1512,0.997233989540135,true
1513,0.0009653212562031906,false
1514,0.03183694455927466,false
1515,0.0016539660721989961,false
1516,0.001080775533235903,false
1517,0.794786249333533,true
1518,0.9999999894452357,true
1519,0.9996180806495849,true
1520,0.0015375793449582233,false
1521,5.482293112409241e-8,false
1522,1.056943892206429e-7,false
1523,0.0013170835336138197,false
1524,0.017341932620379124,false
1525,1.2630285258703484e-8,false
1526,0.9997581258386607,true
1527,0.008966364084608118,false
1528,0.36402224880362727,false
1529,2.8339372695993317e-5,false
1530,0.6274332148268685,true
1531,0.9930298450459121,true
1532,0.07417273465796777,false
1533,0.6084103559371739,false
1534,0.9261493482022163,true
1535,2.5325785751406185e-6,false
1536,0.8916169665293784,true
1537,1.749926510196435e-8,false
1538,0.9999991028669831,true
1539,0.9981116398581747,true
1540,0.0014290484616412392,false
1541,2.967687213998152e-7,false
1542,0.9998228810150079,true
1543,0.8580155043694848,true
1544,0.0009918052084868189,false
1545,0.18559035564570658,false
1546,0.00453684179991404,false
1547,0.00045078539624759744,false
1548,0.9308625524128527,true
1549,0.9983990716074325,true
1550,0.999999957085331,true
1551,4.611108082596746e-6,false
1552,0.9999999562472078,true
1553,0.06308506474636741,false
1554,0.9999763918473837,true
1555,0.0002896515057492365,false
1556,0.999845415471918,true
1557,0.9994812635146553,true
1558,4.341361933690817e-9,false
1559,0.46896945616926566,false
1560,0.09946203955233085,false
1561,0.9972065989063851,true
1562,0.48343296069218844,false
1563,0.0008677915745946759,false
1564,0.35628180966409023,false
1565,0.995623719879918,true
1566,0.6233890326524301,true
1567,0.999930198769654,true
1568,0.999999408480347,true
1569,8.787083513407787e-6,false
1570,0.9999999999999543,true
1571,0.5343622656707168,false
1572,0.0004662266007541088,false
1573,0.373694258291272,true
1574,0.9994249547926234,true
1575,0.9999719272357288,true
1576,0.43307092135549224,true
1577,0.9988154219111914,true
1578,0.9916326968392253,true
1579,5.849943471595541e-7,false
1580,0.041857633156992494,false
1581,0.9999984493663043,true
1582,0.9996354451758318,true
1583,0.3669590374619107,false
1584,0.9990095946122486,true
1585,0.9999997245034364,true
1586,0.01909745474230257,false
1587,1.681663783852847e-7,false
1588,0.39049838876521287,false
1589,7.5820527690710964e-6,false
1590,0.9994550468763425,true
1591,0.3064364014021185,false
1592,1.0508986114368372e-6,false
1593,0.9943460201866324,true
1594,0.0014060739668690094,false
1595,0.0005779521761638051,false
1596,0.0012438278788511371,false
1597,0.9999878855884664,true
1598,1.8312234521610695e-5,false
1599,0.05458501850692374,false
1600,4.900314932593988e-7,false
1601,9.603720190688262e-6,false
1602,0.9999640110464393,true
1603,0.5891344292499289,false
1604,0.0776720249700534,false
1605,0.9316495647945654,true
1606,0.1576743444534965,false
1607,0.5637774159489871,false
1608,0.05792679534882437,false
1609,0.8535556355601945,true
1610,0.41947089089625866,true
1611,0.011152599271214115,false
1612,0.9999702816062092,true
1613,0.9936915658347004,true
1614,0.4311457061380539,true
1615,0.15048928101916834,false
1616,0.31203159346435577,true
1617,0.9999469744279207,true
1618,0.004200637443782926,false
1619,0.0004247915917184297,false
1620,6.913177892343817e-6,false
1621,0.0020617094779064424,false
1622,0.9999601907139474,true
1623,0.0004202267453579704,false
1624,4.709697257839928e-5,false
1625,0.9999913632215376,true
1626,0.9927350600611061,true
1627,1.7435541719406957e-5,false
1628,4.917531445073523e-6,false
1629,0.512231595477746,true
1630,9.581351404581547e-10,false
1631,1.2396048220426954e-5,false
1632,0.5296721902746255,false
1633,6.518606043063604e-5,false
1634,0.005848911433968651,false
1635,0.9464580615229624,true
1636,0.9994895325253145,true
1637,0.9942243537085734,true
1638,0.020202539177478177,false
1639,0.9999953630004961,true
1640,0.45295771458256473,false
1641,0.000602082620277402,false
1642,0.9444455161366629,false
1643,0.9998334846324116,true
1644,0.010009398785695563,false
1645,4.4343397985753777e-10,false
1646,0.9999995028463138,true
1647,0.8442320456428712,true
1648,0.9881202477118722,true
1649,1.0365270817576879e-8,false
1650,0.6232959551982488,true
1651,1.5534316527515003e-7,false
1652,0.06508320214617158,false
1653,0.9999628755205923,true
1654,0.9991144556899957,true
1655,0.9999897792992205,true
1656,0.999981326169273,true
1657,0.0009470069627068987,false
1658,0.0008306458695273301,false
1659,0.02536989384593341,false
1660,0.9997367842181668,true
1661,0.9990066515223415,true
1662,9.772290115844286e-7,false
1663,0.000527973376931737,false
1664,0.9972865653114956,true
1665,0.665097823312673,true
1666,3.963701915256607e-6,false
1667,1.0421256759787377e-5,false
1668,0.8201912915396704,true
1669,0.8264769769540506,true
1670,0.006886859173853355,false
1671,0.0006067053836866527,false
1672,3.324351763546339e-5,false
1673,0.028173351472778666,false
1674,0.3914268096371013,false
1675,9.542064203563448e-6,false
1676,0.2968575808336845,false
1677,0.48163914726860685,false
1678,0.06896048046662724,false
1679,0.9853558769105142,true
1680,0.9936307176411765,true
1681,0.04083674911400518,false
1682,0.00015715324235142107,false
1683,0.9871772923842632,true
1684,0.9998720953039395,true
1685,2.7645791992705868e-5,false
1686,0.9963340521820772,true
1687,0.9999847324293002,true
1688,0.8705139308683564,true
1689,0.8441235675238808,true
1690,4.1870187968403845e-6,false
1691,0.057762459285759946,false
1692,0.9999999793269905,true
1693,3.689984660075743e-7,false
1694,0.5294628475742278,false
1695,0.9999374671662076,true
1696,0.9999335197590263,true
1697,0.0033266674454656936,false
1698,2.837502959810627e-5,false
1699,0.37885868286243274,false
